faculty_id,faculty_name,paper_title,abstract,publication_year,publication_type,venue,coauthors,doi,publication_url,openalex_work_id,cited_by_count,subjects,source_name,source_url,verification_status,match_strength,retrieved_at
RVCE-CSE-001,Anitha Sandeep,Smart Charging Station for Electric Vehicles Using Solar Power,,2023,proceedings-article,2023 7th International Conference on Computation System and Information Technology for Sustainable Solutions (CSITSS),Madhu B R; Anitha G S; Mahantesha Hadapada; Krishna S,10.1109/csitss60515.2023.10334142,https://doi.org/10.1109/csitss60515.2023.10334142,,5,,Crossref,https://api.crossref.org/works/10.1109/csitss60515.2023.10334142,crossref; author affiliation RVCE; name score 0.67,strong,2026-09-02
RVCE-CSE-001,Anitha Sandeep,Web Sensor Network For Health Monitoring Systems,,2022,proceedings-article,2022 International Interdisciplinary Humanitarian Conference for Sustainability (IIHC),G.S Anitha; M S Sumathi; Sabina Rahaman; S Thejaswini,10.1109/iihc55949.2022.10060685,https://doi.org/10.1109/iihc55949.2022.10060685,,0,,Crossref,https://api.crossref.org/works/10.1109/iihc55949.2022.10060685,crossref; author affiliation RVCE; name score 0.67,strong,2026-09-02
RVCE-CSE-001,Anitha Sandeep,In-Memory Depth-First Tree Construction of Hierarchical Data in a RDBMS,,2023,proceedings-article,2023 7th International Conference on Computation System and Information Technology for Sustainable Solutions (CSITSS),Rohith Kanathur; Rajule Harish Bhagirath; Rakshita Akhilesh; Anitha Sandeep,10.1109/csitss60515.2023.10334098,https://doi.org/10.1109/csitss60515.2023.10334098,,1,,Crossref,https://api.crossref.org/works/10.1109/csitss60515.2023.10334098,crossref; author affiliation RVCE; name score 1.00,strong,2026-09-02
RVCE-CSE-003,Azra Nasreen,Survey on Online Log Parsers,"Technological dependence is growing in leaps and
bounds as days progress. As a result, software applications are
required to be up and running at all times without fail. The
health and safety of these applications need to be monitored
regularly by theuse of constant logging of any faults that occur
at their runtime executions. Log analysis techniques are
applied to recorded logsto obtain a better overview of how to
handle failures and health deterioration. Before these
algorithms can be utilized in practice, the raw unstructured logs
need to be converted into structured log events. This process is
performed by log parsers, which are accessible in two different
modes – offline and online. While offline log parsers have a predefined knowledge base containing templates and conversion
rules, online log parsers learn new templates on the job. This
paper focuses on surveying and creating a comparative study on
online log parses by analysing the type of technique used,
efficiency and accuracy of the parser on a given dataset, time
complexity, and their effectiveness in motivating applications.",2021,journal-article,International Journal of Engineering and Advanced Technology,Tejaswini S; Azra Nasreen,10.35940/ijeat.e2816.0610521,https://doi.org/10.35940/ijeat.e2816.0610521,,0,,Crossref,https://api.crossref.org/works/10.35940/ijeat.e2816.0610521,crossref; author affiliation RVCE; name score 1.00,strong,2026-09-02
RVCE-CSE-003,Azra Nasreen,Teaching Model Based System Engineering – A Banking Benchmark Problem,"Abstract  MBSE has been widely used for industry processes and safety critical avionic and space systems. The use of MBSE process with STPA for safety analysis, mutation testing for verification, model checking and simulations for formal validation, has shown a better alternative to normal development methods. The growth of online financial transactions due to ease of internal payment methods, has resulted in a number of payment applications. System Engineering is not widely popular in academia and undergraduate levels. Benchmark problems are required for the students to get their hands “dirty” and for the instructors to provide hands on examples, matched to theory in textbooks. This paper looks into performing STPA and Model based analysis of such an application, with the goal to teach MBSE methods through industry example.",2023,journal-article,INCOSE International Symposium,Aditya Y Jeppu; Azra Nasreen; Mudit Mittal,10.1002/iis2.13120,https://doi.org/10.1002/iis2.13120,,0,,Crossref,https://api.crossref.org/works/10.1002/iis2.13120,crossref; author affiliation RVCE; name score 1.00,strong,2026-09-02
RVCE-CSE-003,Azra Nasreen,"Detection, identification and alert of wild animals in surveillance videos using deep learning","Purpose 
                     With the rapid advancement of lifestyle and technology, human lives are becoming increasingly threatened. Accidents, exposure to dangerous substances and animal strikes are all possible threats. Human lives are increasingly being harmed as a result of attacks by wild animals. Further investigation into the cases reported revealed that such events can be detected early on. Techniques such as machine learning and deep learning will be used to solve this challenge. The upgraded VGG-16 model with deep learning-based detection is appropriate for such real-time applications because it overcomes the low accuracy and poor real-time performance of traditional detection methods and detects medium- and long-distance objects more accurately. Many organizations use various safety and security measures, particularly CCTV/video surveillance systems, to address physical security concerns. CCTV/video monitoring systems are quite good at visually detecting a range of attacks associated with suspicious behavior on the premises and in the workplace. Many have indeed begun to use automated systems such as video analytics solutions such as motion detection, object/perimeter detection, face recognition and artificial intelligence/machine learning, among others. Anomaly identification can be performed with the data collected from the CCTV cameras. The camera surveillance can generate enormous quantities of data, which is laborious and expensive to screen for the species of interest. Many cases have been recorded where wild animals enter public places, causing havoc and damaging lives and property. There are many cases where people have lost their lives to wild attacks. The conventional approach of sifting through images by eye can be expensive and risky. Therefore, an automated wild animal detection system is required to avoid these circumstances. 
                   
                   
                     Design/methodology/approach 
                     The proposed system consists of a wild animal detection module, a classifier and an alarm module, for which video frames are fed as input and the output is prediction results. Frames extracted from videos are pre-processed and then delivered to the neural network classifier as filtered frames. The classifier module categorizes the identified animal into one of the several categories. An email or WhatsApp notice is issued to the appropriate authorities or users based on the classifier outcome. 
                   
                   
                     Findings 
                     Evaluation metrics are used to assess the quality of a statistical or machine learning model. Any system will include a review of machine learning models or algorithms. A number of evaluation measures can be performed to put a model to the test. Among them are classification accuracy, logarithmic loss, confusion matrix and other metrics. The model must be evaluated using a range of evaluation metrics. This is because a model may perform well when one measurement from one evaluation metric is used but perform poorly when another measurement from another evaluation metric is used. We must utilize evaluation metrics to guarantee that the model is running correctly and optimally. 
                   
                   
                     Originality/value 
                     The output of conv5 3 will be of size 7*7*512 in the ImageNet VGG-16 in Figure 4, which operates on images of size 224*224*3. Therefore, the parameters of fc6 with a flattened input size of 7*7*512 and an output size of 4,096 are 4,096, 7*7*512. With reshaped parameters of dimensions 4,096*7*7*512, the comparable convolutional layer conv6 has a 7*7 kernel size and 4,096 output channels. The parameters of fc7 with an input size of 4,096 (i.e. the output size of fc6) and an output size of 4,096 are 4,096, 4,096. The input can be thought of as a one-of-a-kind image with 4,096 input channels. With reshaped parameters of dimensions 4,096*1*1*4,096, the comparable convolutional layer conv7 has a 1*1 kernel size and 4,096 output channels. It is clear that conv6 has 4,096 filters, each with dimensions 7*7*512, and conv7 has 4,096 filters, each with dimensions 1*1*4,096. These filters are numerous, large and computationally expensive. To remedy this, the authors opt to reduce both their number and the size of each filter by subsampling parameters from the converted convolutional layers. Conv6 will use 1,024 filters, each with dimensions 3*3*512. Therefore, the parameters are subsampled from 4,096*7*7*512 to 1,024*3*3*512. Conv7 will use 1,024 filters, each with dimensions 1*1*1,024. Therefore, the parameters are subsampled from 4,096*1*1*4,096 to 1,024*1*1*1,024.",2024,journal-article,International Journal of Intelligent Unmanned Systems,Harish A. Jartarghar; M.N. Kruthi; B. Karuntharaka; Azra Nasreen; T. Shankar; Ramakanth Kumar; K. Sreelakshmi,10.1108/ijius-09-2022-0125,https://doi.org/10.1108/ijius-09-2022-0125,,8,,Crossref,https://api.crossref.org/works/10.1108/ijius-09-2022-0125,crossref; author affiliation RVCE; name score 1.00,strong,2026-09-02
RVCE-CSE-003,Azra Nasreen,AN ADAPTIVE SPATIOTEMPORAL DEFENSE FRAMEWORK FOR ROBUST AND EFFICIENT INTRUSION DETECTION IN IOT NETWORKS,"The ever-increasing growth rate of the Internet of Things (IoT) has significantly increased network heterogeneity and data volumes, which have posed a significant risk of various cyber threats to resource-constrained IoT devices. Traditional Intrusion Detection Systems (IDS) may not perform well in such environments, which may be characterized by noisy data, class imbalance, and a large number of feature redundancies. This study proposes an Adaptive Spatiotemporal Defense Framework suitable for real-world IoT networks. The framework includes an efficient nonlinear data preprocessing approach, discriminative feature optimization, and a spatiotemporal learning framework to improve the performance of intrusion detection systems. The framework efficiently addresses the class imbalance problem, reduces redundant features, and maintains discriminative features, thereby improving the quality of the features and reducing the complexity. The inclusion of spatiotemporal learning in the framework enables the detection of complex data relationships with high precision. The performance of the proposed approach is evaluated on three benchmarking datasets: UNSW-NB15, ToN-IoT, and IoT-23. The accuracy obtained on these datasets is 89.61%, 97.94%, and 99.99%, respectively. Along with this, high F1-score results are obtained. This proves the enhancement in intrusion detection ability. Overall, the proposed framework proves to be a reliable, efficient, and lightweight solution for intrusion detection in heterogeneous IoT environments.",2026,journal-article,Malaysian Journal of Computer Science,Zarinabegam K. Mundargi; Azra Nasreen,10.22452/mjcs.vol38no4.2,https://doi.org/10.22452/mjcs.vol38no4.2,,0,,Crossref,https://api.crossref.org/works/10.22452/mjcs.vol38no4.2,crossref; author affiliation RVCE; name score 1.00,strong,2026-09-02
RVCE-CSE-003,Azra Nasreen,Detection of Manhole and Sewage Overflow Using Computer Vision,,2024,proceedings-article,2024 8th International Conference on Computational System and Information Technology for Sustainable Solutions (CSITSS),Manika Kesharwani; Shivabasamma Beli; Azra Nasreen; Ramakanth Kumar P.; K. Sreelakshmi; Shri. T Shankar,10.1109/csitss64042.2024.10816893,https://doi.org/10.1109/csitss64042.2024.10816893,,0,,Crossref,https://api.crossref.org/works/10.1109/csitss64042.2024.10816893,crossref; author affiliation RVCE; name score 1.00,strong,2026-09-02
RVCE-CSE-005,Badarinath K B,Baseline Design of Propeller for an eVTOL Aircraft to Achieve Urban Air Mobility,,2023,proceedings-article,2023 IEEE Aerospace Conference,Mohammed Faraaz; Afreed Faizan; Mukunda Badarinath; Kiwin Vignesh Subramaniyan; Dineshkumar Harursampath; Ramesh Burela Gupta,10.1109/aero55745.2023.10115797,https://doi.org/10.1109/aero55745.2023.10115797,,3,,Crossref,https://api.crossref.org/works/10.1109/aero55745.2023.10115797,crossref; author affiliation RVCE; name score 0.67,strong,2026-09-02
RVCE-CSE-005,Badarinath K B,Real Time Smart Forest Fire Detection and Monitoring System Using IoT and Machine Learning,,2024,proceedings-article,2024 8th International Conference on Computational System and Information Technology for Sustainable Solutions (CSITSS),Khushal A; Kishore A; Tejas Neswi; Mohana; K Badarinath,10.1109/csitss64042.2024.10816855,https://doi.org/10.1109/csitss64042.2024.10816855,,2,,Crossref,https://api.crossref.org/works/10.1109/csitss64042.2024.10816855,crossref; author affiliation RVCE; name score 1.00,strong,2026-09-02
RVCE-CSE-005,Badarinath K B,Proactive Anomaly Detection in Storage System Performance Metrics Using Isolation Forest and Observability Integration,,2025,proceedings-article,2025 9th International Conference on Computational System and Information Technology for Sustainable Solutions (CSITSS),RakshaB R; Varuni H Kulkarni; Badarinath K; B K Srinivas,10.1109/csitss67709.2025.11295068,https://doi.org/10.1109/csitss67709.2025.11295068,,0,,Crossref,https://api.crossref.org/works/10.1109/csitss67709.2025.11295068,crossref; author affiliation RVCE; name score 1.00,strong,2026-09-02
RVCE-CSE-005,Badarinath K B,Design and Development of a Smart Robotics Controller with Customizable Sequence Management and Real-Time Operation,,2025,proceedings-article,2025 9th International Conference on Computational System and Information Technology for Sustainable Solutions (CSITSS),Aniruddha N Bayari; Bollupalle Sree Sai Jayanth; Darshan Kashyap N; Aditya Ravi; Akshat; Badarinath Kamasetty; Suresh Chandarshekar,10.1109/csitss67709.2025.11294979,https://doi.org/10.1109/csitss67709.2025.11294979,,0,,Crossref,https://api.crossref.org/works/10.1109/csitss67709.2025.11294979,crossref; author affiliation RVCE; name score 1.00,strong,2026-09-02
RVCE-CSE-007,Chethana Murthy,Personality and Mental Health Prediction System Using Multilingual Text and Transformer Models,,2025,proceedings-article,2025 9th International Conference on Computational System and Information Technology for Sustainable Solutions (CSITSS),Sahana D Shejwadkar; Chethana Murthy,10.1109/csitss67709.2025.11295102,https://doi.org/10.1109/csitss67709.2025.11295102,,0,,Crossref,https://api.crossref.org/works/10.1109/csitss67709.2025.11295102,crossref; author affiliation RVCE; name score 1.00,strong,2026-09-02
RVCE-CSE-007,Chethana Murthy,"Cloud-Integrated, Low-Cost Air Quality Monitoring Using AI-Powered Sensor Calibration and Forecasting",,2025,proceedings-article,2025 9th International Conference on Computational System and Information Technology for Sustainable Solutions (CSITSS),Noor Sakina; Harika R; Kavya G Bagali; Aruna Kumari K L; Manas MN; Chethana Murthy,10.1109/csitss67709.2025.11295755,https://doi.org/10.1109/csitss67709.2025.11295755,,0,,Crossref,https://api.crossref.org/works/10.1109/csitss67709.2025.11295755,crossref; author affiliation RVCE; name score 1.00,strong,2026-09-02
RVCE-CSE-009,Ganashree K C,Lightweight Machine Learning for Passive Acoustic Monitoring of Marine Mammals,,2026,proceedings-article,2026 Fourth International Conference on Augmented Intelligence and Sustainable Systems (ICAISS),Divya Vijay; Karthik Prakash; Mandava Sai Anirudh; Nagendra Saketh Kashyap; Anala M. R.; Ganashree K. C,10.1109/icaiss68683.2026.11526672,https://doi.org/10.1109/icaiss68683.2026.11526672,,0,,Crossref,https://api.crossref.org/works/10.1109/icaiss68683.2026.11526672,crossref; author affiliation RVCE; name score 1.00,strong,2026-09-02
RVCE-CSE-009,Ganashree K C,Learning-Based Simultaneous Localization and Navigation Planning for Self-Driving Vehicles,,2025,proceedings-article,2025 9th International Conference on Computational System and Information Technology for Sustainable Solutions (CSITSS),Shwetha Baliga; Samarth Babu Gotrale; Niranjan M Sindhur; Pavithra C; Harshith M L; Nischitha P; Ganashree K C,10.1109/csitss67709.2025.11294306,https://doi.org/10.1109/csitss67709.2025.11294306,,3,,Crossref,https://api.crossref.org/works/10.1109/csitss67709.2025.11294306,crossref; author affiliation RVCE; name score 1.00,strong,2026-09-02
RVCE-CSE-021,Poonam Ghuli,A collaborative filtering recommendation engine in a distributed environment,,2014,proceedings-article,2014 International Conference on Contemporary Computing and Informatics (IC3I),Poonam Ghuli; Atanu Ghosh; Rajashree Shettar,10.1109/ic3i.2014.7019592,https://doi.org/10.1109/ic3i.2014.7019592,,10,,Crossref,https://api.crossref.org/works/10.1109/ic3i.2014.7019592,crossref; author affiliation RVCE; name score 1.00,strong,2026-09-02
RVCE-CSE-028,Revathi S A,Anomaly Detection for Knee Cartilage MRlmages Using Deep Transfer Learning Models,,2024,proceedings-article,2024 International Conference on Innovation and Novelty in Engineering and Technology (INNOVA),Revathi S A; B Sathish Babu,10.1109/innova63080.2024.10846947,https://doi.org/10.1109/innova63080.2024.10846947,,0,,Crossref,https://api.crossref.org/works/10.1109/innova63080.2024.10846947,crossref; author affiliation RVCE; name score 1.00,strong,2026-09-02
RVCE-CSE-028,Revathi S A,Enhanced Image Classification with Integrating DenseNet121 with Mixup Augmentation and Attention Mechanisms for Knee OA,,2024,proceedings-article,2024 Second International Conference on Advanced Computing &amp;amp; Communication Technologies (ICACCTech),Revathi S A; B Sathish Babu,10.1109/icacctech65084.2024.00146,https://doi.org/10.1109/icacctech65084.2024.00146,,0,,Crossref,https://api.crossref.org/works/10.1109/icacctech65084.2024.00146,crossref; author affiliation RVCE; name score 1.00,strong,2026-09-02
RVCE-CSE-029,Shanta Rangaswamy,Integrated mode of transport: a predictive model for route guidance,"Purpose 
                     The purpose of this study is to provide real-time route guidance within city to help commuters. 
                   
                   
                     Design/methodology/approach 
                     In urban areas to avoid road congestion and to reach the destination on time, intelligent transport system (ITS) utilizes recent advanced technology. To support this, existing route guidance system (RGS) suggests alternative route to commuters. However, ITS requires a system which suggests the alternative route along with the mode of transport such as public, private, taxi services etc. Integrated mode of transport (IMT) implemented in this paper guides the commuters of urban area with the best mode of transport. Inputs to our IMT predictive model are the commuter's choice of (1) minimum travel time (2) minimum cost (3) flexible route and (4) less traffic intensity along with source and destination locations. Based on these user inputs, IMT predictive model suggests optimal mode of transport. In this paper to implement the IMT model, we have considered the transport facility available in Bangalore, a city in India. The city has metro train, bus and taxi services available to the commuters. Implementation is divided into two parts. In the first part, the model checks for the end-to-end connectivity/availability of metro train facility. If metro train connectivity exists, the model concludes this as the best mode of travel. In the second part, for the routes which are not connected by metro train, the optimal mode of transport through road network will be suggested. In the first part, to check the existence of metro train along the routes between source and destination, location-IQ API is used. In the later part, to suggest transport along the road network, Q-learning algorithm of reinforcement learning technique is used. 
                   
                   
                     Findings 
                     The findings are the predictive model algorithm to find the best mode of transfer and reinforcement model used in real time route guidance system. 
                   
                   
                     Originality/value 
                     This is a new Idea, not proposed in any research work.",2020,journal-article,International Journal of Intelligent Unmanned Systems,Roopa Ravish; Shanta Rangaswamy,10.1108/ijius-09-2020-0040,https://doi.org/10.1108/ijius-09-2020-0040,,3,,Crossref,https://api.crossref.org/works/10.1108/ijius-09-2020-0040,crossref; author affiliation RVCE; name score 1.00,strong,2026-09-02
RVCE-CSE-029,Shanta Rangaswamy,User preference-based intelligent road route recommendation using SARSA and dynamic programming,,2022,journal-article,Journal of Control and Decision,Roopa Ravish; Shanta Rangaswamy; Arpitha V; Vasuprada U,10.1080/23307706.2022.2096705,https://doi.org/10.1080/23307706.2022.2096705,,7,,Crossref,https://api.crossref.org/works/10.1080/23307706.2022.2096705,crossref; author affiliation RVCE; name score 1.00,strong,2026-09-02
RVCE-CSE-029,Shanta Rangaswamy,Prediction of compressive strength of brick masonry using machine learning models,"This paper explores predicting brick masonry strength using machine learning models, such as Linear Regression (LRM), Polynomial Regression (PRM), Exponential Regression (ERM), Support Vector Regression (SVR), Decision Trees (DTM), Random Forests (RFM), Artificial Neural Network (ANN) and Adaptive Neuro Fuzzy Inference System (ANFIS). The dataset comprises 245 data points on brick, mortar and masonry strength, split into training, validation and testing sets. Python and MATLAB were used to implement the models. DTM and RFM achieved highest determination coefficient (R
                     2 
                    ) values of 0.97 and 0.965. SVR also demonstrated high R
                     2 
                    value of 0.936. ANN, ANFIS and PRM achieved moderate to strong R
                     2 
                    values, while LRM and ERM displayed limitations. Overall, DTM, RFM and SVR emerged as the top performers, exhibiting strong predictive capability and good generalization ability. These models are suggested for practical applications in construction projects for their superior accuracy in estimating the masonry compressive strength.",2026,journal-article,EPJ Web of Conferences,Bhumika MR; Madhavi K; Shanta Rangaswamy; S.M. Basutkar; M.V. Renuka Devi,10.1051/epjconf/202634501036,https://doi.org/10.1051/epjconf/202634501036,,0,,Crossref,https://api.crossref.org/works/10.1051/epjconf/202634501036,crossref; author affiliation RVCE; name score 1.00,strong,2026-09-02
RVCE-CSE-029,Shanta Rangaswamy,Target Recognition and Classification of Synthetic Aperture Radar Images,,2025,proceedings-article,"2025 International Conference in Advances in Power, Signal, and Information Technology (APSIT)",Shanta Rangaswamy; U Adarsh; S Budhil; Neelesh T Rao; Sangeeta Prasad,10.1109/apsit63993.2025.11086341,https://doi.org/10.1109/apsit63993.2025.11086341,,0,,Crossref,https://api.crossref.org/works/10.1109/apsit63993.2025.11086341,crossref; author affiliation RVCE; name score 1.00,strong,2026-09-02
RVCE-CSE-029,Shanta Rangaswamy,Underwater Mine Detection Using Histogram of oriented gradients and Canny Edge Detector,,2021,proceedings-article,2021 International Carnahan Conference on Security Technology (ICCST),Manonmani S; Akshita L; Annette Shajan L; Aneesh Sidharth L; Shanta Rangaswamy,10.1109/iccst49569.2021.9717404,https://doi.org/10.1109/iccst49569.2021.9717404,,2,,Crossref,https://api.crossref.org/works/10.1109/iccst49569.2021.9717404,crossref; author affiliation RVCE; name score 1.00,strong,2026-09-02
RVCE-CSE-029,Shanta Rangaswamy,Safety-Aware Reinforcement Learning for Lunar Rover Navigation Using Orbital DEMs,,2026,journal-article,IEEE Access,Abhinav Potharaju; Shreya Ravi; Mohammed Taha Sindoli; Poorvi Bellur; Shanta Rangaswamy; Mekhala Vinod Purohit,10.1109/access.2026.3717682,https://doi.org/10.1109/access.2026.3717682,,0,,Crossref,https://api.crossref.org/works/10.1109/access.2026.3717682,crossref; author affiliation RVCE; name score 1.00,strong,2026-09-02
RVCE-CSE-029,Shanta Rangaswamy,Early Diagnosis of Parkinson’s Disease Using Deep Learning and Average Voting Classifier,,2024,proceedings-article,2024 Second International Conference on Data Science and Information System (ICDSIS),Nivedita Manohara Mathkunti; Shanta Rangaswamy; Sainath Somappa Yalavigi; Samarth Siddappa Shellikeri; Someshwar Sanjay Magadum,10.1109/icdsis61070.2024.10594705,https://doi.org/10.1109/icdsis61070.2024.10594705,,2,,Crossref,https://api.crossref.org/works/10.1109/icdsis61070.2024.10594705,crossref; author affiliation RVCE; name score 1.00,strong,2026-09-02
RVCE-CSE-032,Soumya A,Enhancing the Quality of chest X-ray images using GANs,,2025,proceedings-article,2025 International Conference on Biomedical Engineering and Sustainable Healthcare (ICBMESH),Chandana S; Ahana Patil; Soumya A,10.1109/icbmesh66209.2025.11182214,https://doi.org/10.1109/icbmesh66209.2025.11182214,,1,,Crossref,https://api.crossref.org/works/10.1109/icbmesh66209.2025.11182214,crossref; author affiliation RVCE; name score 1.00,strong,2026-09-02
RVCE-CSE-032,Soumya A,Impact of Screen Time on Children's Health: Identifying and Analysing Screen Time Related Issues,,2025,proceedings-article,2025 9th International Conference on Computational System and Information Technology for Sustainable Solutions (CSITSS),Akshatha A; Gagana M V; Nikunj Mittal; Bolla Sai Naga Yaswanth; S Jeevan; Soumya A; Sowmyarani C N,10.1109/csitss67709.2025.11294695,https://doi.org/10.1109/csitss67709.2025.11294695,,0,,Crossref,https://api.crossref.org/works/10.1109/csitss67709.2025.11294695,crossref; author affiliation RVCE; name score 1.00,strong,2026-09-02
RVCE-CSE-033,Sowmyarani C N,Real-Time Ransomware Detection and Response System Using Behavioural File and Process Monitoring,,2025,proceedings-article,2025 9th International Conference on Computational System and Information Technology for Sustainable Solutions (CSITSS),Harishni L; Sowmyarani C N,10.1109/csitss67709.2025.11295269,https://doi.org/10.1109/csitss67709.2025.11295269,,0,,Crossref,https://api.crossref.org/works/10.1109/csitss67709.2025.11295269,crossref; author affiliation RVCE; name score 1.00,strong,2026-09-02
RVCE-CSE-033,Sowmyarani C N,Privacy Preserving Wearable Data Publishing Using Inter Cloud Infrastructure,,2024,proceedings-article,2024 8th International Conference on Computational System and Information Technology for Sustainable Solutions (CSITSS),Veena Gadad; Sowmyarani C N; Sindhu Rajendhran; Ramakanth Kumar P,10.1109/csitss64042.2024.10817008,https://doi.org/10.1109/csitss64042.2024.10817008,,0,,Crossref,https://api.crossref.org/works/10.1109/csitss64042.2024.10817008,crossref; author affiliation RVCE; name score 1.00,strong,2026-09-02
RVCE-CSE-033,Sowmyarani C N,Transmission Control Protocol Off Path Exploits in Web,"The network community in the current scenario has faced lot of potential threats like restricted access to unauthorized network; break in through other organizations, making the system unavailable and so on. An off-path attacker can perform various attacks like Browser page read, Web
 phishing, website Spoofing and defacement to know the 4 tuples in Transmission Control Protocol. The attacker can also carry out Cross Site Scripting to know the sensitive information on websites. Cross Site Request Forgery which performs defective exploit on web. This helps in detecting the
 four tuples Sequence number, Acknowledgement number, Global IPID Counter and ports.",2020,journal-article,Journal of Computational and Theoretical Nanoscience,K. Kavyashree; C. N. Sowmyarani; P. Dayananda,10.1166/jctn.2020.9006,https://doi.org/10.1166/jctn.2020.9006,,1,,Crossref,https://api.crossref.org/works/10.1166/jctn.2020.9006,crossref; author affiliation RVCE; name score 1.00,strong,2026-09-02
RVCE-CSE-033,Sowmyarani C N,Analysis and Optimization of Clustering-based Privacy Preservation using Machine Learning,,2023,proceedings-article,2023 International Conference for Advancement in Technology (ICONAT),C N Sowmyarani; L G Namya; G K Nidhi; P Ramakanth Kumar,10.1109/iconat57137.2023.10080207,https://doi.org/10.1109/iconat57137.2023.10080207,,3,,Crossref,https://api.crossref.org/works/10.1109/iconat57137.2023.10080207,crossref; author affiliation RVCE; name score 1.00,strong,2026-09-02
RVCE-CSE-033,Sowmyarani C N,Enhanced k-Anonymity model based on clustering to overcome Temporal attack in Privacy Preserving Data Publishing,,2022,proceedings-article,"2022 IEEE International Conference on Electronics, Computing and Communication Technologies (CONECCT)",C N Sowmyarani; L G Namya; G K Nidhi; P Ramakanth Kumar,10.1109/conecct55679.2022.9865682,https://doi.org/10.1109/conecct55679.2022.9865682,,9,,Crossref,https://api.crossref.org/works/10.1109/conecct55679.2022.9865682,crossref; author affiliation RVCE; name score 1.00,strong,2026-09-02
RVCE-CSE-033,Sowmyarani C N,Data Dimensionality Reduction Using Principal Component Analysis: A Case Study,,2024,proceedings-article,2024 1st International Conference on Communications and Computer Science (InCCCS),Srivaths Ramasubramanian; Sowmyarani C.N; Amogh J Athreya; Anjali Devarajan; Adithya Udaya Shankar; Ramakanth Kumar P,10.1109/incccs60947.2024.10593421,https://doi.org/10.1109/incccs60947.2024.10593421,,8,,Crossref,https://api.crossref.org/works/10.1109/incccs60947.2024.10593421,crossref; author affiliation RVCE; name score 1.00,strong,2026-09-02
RVCE-CSE-033,Sowmyarani C N,Impact of Screen Time on Children's Health: Identifying and Analysing Screen Time Related Issues,,2025,proceedings-article,2025 9th International Conference on Computational System and Information Technology for Sustainable Solutions (CSITSS),Akshatha A; Gagana M V; Nikunj Mittal; Bolla Sai Naga Yaswanth; S Jeevan; Soumya A; Sowmyarani C N,10.1109/csitss67709.2025.11294695,https://doi.org/10.1109/csitss67709.2025.11294695,,0,,Crossref,https://api.crossref.org/works/10.1109/csitss67709.2025.11294695,crossref; author affiliation RVCE; name score 1.00,strong,2026-09-02
RVCE-CSE-033,Sowmyarani C N,Comprehensive Study on Keyword Search on Semi Structured Data,"Keyword search is a user-friendly approach that enables inexperienced users to easily retrieve information from XML data with no specific knowledge of complex structured query language. Since an XML document can have a large size and contain a lot of information, an XML keyword search result should be a fragment of an XML document dynamically constructed at query time, which is achievable due to the structuredness of XML. Processing keyword searches on XML has several challenges, e.g., what are the elements in the XML document that are relevant to the query? How to generate the results efficiently and rank the results meaningfully? How to present the results to the user in a way such that the user can quickly find the desired information? In this survey, the authors review the papers in the literature that attempted to address these problems. The authors divide the existing approaches into several classes based on the problem they tackled, and perform a comprehensive analysis of these works.",2016,journal-article,International Journal of Knowledge Society Research,Dayananda P.; Sowmyarani C. N.,10.4018/ijksr.2016070105,https://doi.org/10.4018/ijksr.2016070105,,3,,Crossref,https://api.crossref.org/works/10.4018/ijksr.2016070105,crossref; author affiliation RVCE; name score 1.00,strong,2026-09-02
RVCE-CSE-033,Sowmyarani C N,Towards Reliable Software: Effective Defect Prediction Using Graph-Based and Neural Network Approaches,,2025,proceedings-article,2025 2nd International Conference on Intelligent Algorithms for Computational Intelligence Systems (IACIS),Sangeeta Uranakar; E. Naresh; C N Sowmyarani,10.1109/iacis65746.2025.11211174,https://doi.org/10.1109/iacis65746.2025.11211174,,0,,Crossref,https://api.crossref.org/works/10.1109/iacis65746.2025.11211174,crossref; author affiliation RVCE; name score 1.00,strong,2026-09-02
RVCE-CSE-033,Sowmyarani C N,A Comprehensive Review of Privacy Preserving Data Publishing (PPDP) Algorithms for Multiple Sensitive Attributes (MSA),"Privacy preserving data publishing (PPDP) provides a suite of anonymization algorithms and tools that aim to balance the privacy of sensitive attributes and utility of the published data. In this domain, extensive work has been carried out to preserve the privacy of single sensitive attributes. Since most of the data obtained from any domain includes multiple sensitive attributes (MSAs), there is a greater need to preserve it. The data sets with multiple sensitive attributes allow one to perform effective data analysis, research, and predictions. Hence, it is important to investigate privacy preserving algorithms for multiple sensitive attributes, which leads to higher utilization of the data. This chapter presents the effectiveness and comparative analysis of PPDP algorithms for MSAs. Specifically, the chapter focuses on privacy and utility goals and illustrates implications of the overall study, which promotes the development of effective privacy preservation techniques for MSAs.",2023,book-chapter,"Advances in Information Security, Privacy, and Ethics",Veena Gadad; Sowmyarani C. N.,10.4018/978-1-6684-5991-1.ch006,https://doi.org/10.4018/978-1-6684-5991-1.ch006,,0,,Crossref,https://api.crossref.org/works/10.4018/978-1-6684-5991-1.ch006,crossref; author affiliation RVCE; name score 1.00,strong,2026-09-02
RVCE-CSE-033,Sowmyarani C N,Census Data Analysis and Visualization Using R Tool,"As a result of increased usage of internet, a huge amount of data is collected from variety of sources like surveys, census, and sensors in internet of things. This resultant data is coined as big data and analysis of this leads to major decision making. Since the collected data is in raw form, it is difficult to understand inherent properties and it becomes just a liability if not analyzed, summarized, and visualized. Although text can be used to articulate the relation between facts and to explain the findings, presenting it in the form of tables and graphs conveys information effectively. Presentation of data using tools to create visual images in order to gain more insights into data is called as data visualization. Data analysis is processing and interpretation of data to discover useful information and to deduce certain inferences based on the values. This chapter concerns usage of R tool and understanding its effectiveness for data analysis and intelligent data visualization by experimenting on data set obtained from University of California Irvine Machine Learning Repository.",2019,book-chapter,Advances in Data Mining and Database Management,Veena Gadad; Sowmyarani C. N.,10.4018/978-1-5225-7277-0.ch008,https://doi.org/10.4018/978-1-5225-7277-0.ch008,,0,,Crossref,https://api.crossref.org/works/10.4018/978-1-5225-7277-0.ch008,crossref; author affiliation RVCE; name score 1.00,strong,2026-09-02
RVCE-CSE-033,Sowmyarani C N,Analytical Study on Privacy Attack Models in Privacy Preserving Data Publishing,"Privacy attack on individual records has great concern in privacy preserving data publishing. When an intruder who is interested to know the private information of particular person of his interest, will acquire background knowledge about the person. This background knowledge may be gained though publicly available information such as Voter's id or through social networks. Combining this background information with published data; intruder may get the private information causing a privacy attack of that person. There are many privacy attack models. Most popular attack models are discussed in this chapter. The study of these attack models plays a significant role towards the invention of robust Privacy preserving models.",2019,book-chapter,"Censorship, Surveillance, and Privacy",Sowmyarani C. N.; Dayananda P.,10.4018/978-1-5225-7113-1.ch061,https://doi.org/10.4018/978-1-5225-7113-1.ch061,,0,,Crossref,https://api.crossref.org/works/10.4018/978-1-5225-7113-1.ch061,crossref; author affiliation RVCE; name score 1.00,strong,2026-09-02
RVCE-CSE-033,Sowmyarani C N,Analytical Study on Privacy Attack Models in Privacy Preserving Data Publishing,"Privacy attack on individual records has great concern in privacy preserving data publishing. When an intruder who is interested to know the private information of particular person of his interest, will acquire background knowledge about the person. This background knowledge may be gained though publicly available information such as Voter's id or through social networks. Combining this background information with published data; intruder may get the private information causing a privacy attack of that person. There are many privacy attack models. Most popular attack models are discussed in this chapter. The study of these attack models plays a significant role towards the invention of robust Privacy preserving models.",2019,book-chapter,"Cyber Law, Privacy, and Security",Sowmyarani C. N.; Dayananda P.,10.4018/978-1-5225-8897-9.ch076,https://doi.org/10.4018/978-1-5225-8897-9.ch076,,0,,Crossref,https://api.crossref.org/works/10.4018/978-1-5225-8897-9.ch076,crossref; author affiliation RVCE; name score 1.00,strong,2026-09-02
RVCE-CSE-033,Sowmyarani C N,"(p+, α, t)-Anonymity Technique Against Privacy Attacks","Privacy preservation is a major concern in current technology where enormous amounts of data are being collected and published for carrying out analysis. These data may contain sensitive information related to individual who owns them. If the data is published in their original form, they may lead to privacy disclosure which threats privacy requirements. Hence, the data should be anonymized before publishing so that it becomes challenging for intruders to obtain sensitive information by means of any privacy attack model. There are popular data anonymization techniques such as k-anonymity, l-diversity, p-sensitive k-anonymity, (l, m, d) anonymity, and t-closeness, which are vulnerable to different privacy attacks discussed in this paper. The proposed technique called (p+, α, t)-anonymity aims to anonymize the data in such a way that even though intruder has sufficient background knowledge on the target individual he will not be able to infer anything and breach private information. The anonymized data also provide sufficient data utility by allowing various data analytics to be performed.",2021,journal-article,International Journal of Information Security and Privacy,Sowmyarani C. N.; Veena Gadad; Dayananda P.,10.4018/ijisp.2021040104,https://doi.org/10.4018/ijisp.2021040104,,4,,Crossref,https://api.crossref.org/works/10.4018/ijisp.2021040104,crossref; author affiliation RVCE; name score 1.00,strong,2026-09-02
RVCE-CSE-033,Sowmyarani C N,Review on Keyword Search and Ranking Techniques for Semi-Structured Data,"The size of semi-structured data is increasing continuously. Handling semi-structured data efficiently is a challenging task. Keyword search is an important task, and required information can be retrieved without having knowledge of data storage hierarchy. There are several challenges in handling XML data. This chapter discusses various challenges in terms of lowest common ancestor (LCA) semantics, processing of queries efficiently, retrieving top-k results for user needed data. The existing approach is defined under many classes based on how the problem and solution are tackled. Analysis of keyword search and ranking techniques for retrieving desired information are discussed in detail.",2019,book-chapter,"Advances in Knowledge Acquisition, Transfer, and Management",Dayananda P.; Sowmyarani C. N.,10.4018/978-1-5225-7347-0.ch013,https://doi.org/10.4018/978-1-5225-7347-0.ch013,,0,,Crossref,https://api.crossref.org/works/10.4018/978-1-5225-7347-0.ch013,crossref; author affiliation RVCE; name score 1.00,strong,2026-09-02
RVCE-CSE-033,Sowmyarani C N,Efficient Local Cloud-Based Solution for Diabetic Retinopathy Detection,"Damage of blood vessels in retina due to diabetes is known as diabetic retinopathy. It is one of the one of the important origins of blindness for adults. Loss of vision can be avoided by detecting damage of retina (leaking fluid or blood). Efficient local cloud-based solution for diabetic retinopathy detection is designed in the work, where convolution neural network is used for training and classification module and achieved an accuracy of 86% using kappa metric. Fundus images are used for training and classification. System network architecture is derived from VGGNet. Network is trained using 80,000 images. Since everything is automated, a doctor is only required for treatment, not for diagnosis.",2021,journal-article,International Journal of Web-Based Learning and Teaching Technologies,Dayananda Pruthviraja; Anil B. C.; Sowmyarani C. N.,10.4018/ijwltt.20210501.oa3,https://doi.org/10.4018/ijwltt.20210501.oa3,,2,,Crossref,https://api.crossref.org/works/10.4018/ijwltt.20210501.oa3,crossref; author affiliation RVCE; name score 1.00,strong,2026-09-02
RVCE-CSE-033,Sowmyarani C N,"Score, Arrange, and Cluster: A Novel Clustering-Based Technique for Privacy-Preserving Data Publishing",,2024,journal-article,IEEE Access,C. N. Sowmyarani; L. G. Namya; G. K. Nidhi; P. Ramakanth Kumar,10.1109/access.2024.3403372,https://doi.org/10.1109/access.2024.3403372,,7,,Crossref,https://api.crossref.org/works/10.1109/access.2024.3403372,crossref; author affiliation RVCE; name score 1.00,strong,2026-09-02
RVCE-CSE-033,Sowmyarani C N,Portable soil analyzer to promote Digital Agriculture,,2025,proceedings-article,"2025 International Conference on Intelligent and Innovative Technologies in Computing, Electrical and Electronics (IITCEE)",Vaibhavi D; T Harshitha; Meghana D Hegde; Samruddhi D; Veena Gadad; Sowmyarani C N; Ramakanth Kumar P,10.1109/iitcee64140.2025.10915264,https://doi.org/10.1109/iitcee64140.2025.10915264,,0,,Crossref,https://api.crossref.org/works/10.1109/iitcee64140.2025.10915264,crossref; author affiliation RVCE; name score 1.00,strong,2026-09-02
RVCE-CSE-033,Sowmyarani C N,Detection of Alzheimer’s Disease Based on Cloud-Based Deep Learning Paradigm,"Deep learning is playing a major role in identifying complicated structure, and it outperforms in term of training and classification tasks in comparison to traditional algorithms. In this work, a local cloud-based solution is developed for classification of Alzheimer’s disease (AD) as MRI scans as input modality. The multi-classification is used for AD variety and is classified into four stages. In order to leverage the capabilities of the pre-trained GoogLeNet model, transfer learning is employed. The GoogLeNet model, which is pre-trained for image classification tasks, is fine-tuned for the specific purpose of multi-class AD classification. Through this process, a better accuracy of 98% is achieved. As a result, a local cloud web application for Alzheimer’s prediction is developed using the proposed architectures of GoogLeNet. This application enables doctors to remotely check for the presence of AD in patients.",2023,journal-article,Diagnostics,Dayananda Pruthviraja; Sowmyarani C. Nagaraju; Niranjanamurthy Mudligiriyappa; Mahesh S. Raisinghani; Surbhi Bhatia Khan; Nora A. Alkhaldi; Areej A. Malibari,10.3390/diagnostics13162687,https://doi.org/10.3390/diagnostics13162687,,26,,Crossref,https://api.crossref.org/works/10.3390/diagnostics13162687,crossref; author affiliation RVCE; name score 1.00,strong,2026-09-02
RVCE-CSE-033,Sowmyarani C N,Integration of Artificial Intelligence in Thrust Vector Control for Model Rockets,,2025,proceedings-article,2025 9th International Conference on Computational System and Information Technology for Sustainable Solutions (CSITSS),Aditi A; Dhriti Bhatt; Divya Vijay; Kushagra Chaturvedi; M Sai Anirudh; Siddharth Satish; Sowmyarani C N,10.1109/csitss67709.2025.11295571,https://doi.org/10.1109/csitss67709.2025.11295571,,0,,Crossref,https://api.crossref.org/works/10.1109/csitss67709.2025.11295571,crossref; author affiliation RVCE; name score 1.00,strong,2026-09-02
RVCE-CSE-037,Vinay Hegde,Design and Development of Automotive Domain Needs Using Rhapsody Model Manager,,2023,proceedings-article,2023 7th International Conference on Computation System and Information Technology for Sustainable Solutions (CSITSS),Varsha T; Vinay Hegde,10.1109/csitss60515.2023.10334143,https://doi.org/10.1109/csitss60515.2023.10334143,,2,,Crossref,https://api.crossref.org/works/10.1109/csitss60515.2023.10334143,crossref; author affiliation RVCE; name score 1.00,strong,2026-09-02
RVCE-CSE-037,Vinay Hegde,Secure Data Hiding: A Comprehensive LSB-Based Steganography Framework With Cryptographic Enhancements,,2024,proceedings-article,2024 8th International Conference on Computational System and Information Technology for Sustainable Solutions (CSITSS),Nishita N Murthy; Vinay Hegde,10.1109/csitss64042.2024.10817051,https://doi.org/10.1109/csitss64042.2024.10817051,,1,,Crossref,https://api.crossref.org/works/10.1109/csitss64042.2024.10817051,crossref; author affiliation RVCE; name score 1.00,strong,2026-09-02
RVCE-CSE-037,Vinay Hegde,Advancements in Fisheye Lens Image Stitching for Enhanced ADAS in Automated Vehicles,,2023,proceedings-article,2023 7th International Conference on Computation System and Information Technology for Sustainable Solutions (CSITSS),Harsha Vardhan K; Vinay Hegde,10.1109/csitss60515.2023.10334173,https://doi.org/10.1109/csitss60515.2023.10334173,,2,,Crossref,https://api.crossref.org/works/10.1109/csitss60515.2023.10334173,crossref; author affiliation RVCE; name score 1.00,strong,2026-09-02
RVCE-CSE-037,Vinay Hegde,"Enhancing Crop Productivity: Integrated Solutions for Crop Yield, Crop Recommendation, and Crop Disease Management",,2023,proceedings-article,2023 7th International Conference on Computation System and Information Technology for Sustainable Solutions (CSITSS),Nishith S Shetty; Naman N Karanth; Vinay V Hegde,10.1109/csitss60515.2023.10334167,https://doi.org/10.1109/csitss60515.2023.10334167,,8,,Crossref,https://api.crossref.org/works/10.1109/csitss60515.2023.10334167,crossref; author affiliation RVCE; name score 0.67,strong,2026-09-02
RVCE-CSE-037,Vinay Hegde,La-Math-ex: LaTeX Code Generation for Handwritten Mathematical Expressions,,2025,proceedings-article,2025 9th International Conference on Computational System and Information Technology for Sustainable Solutions (CSITSS),Reevan Coelho; Veerasagar S S; M S Srividya; Vinay V Hegde,10.1109/csitss67709.2025.11294023,https://doi.org/10.1109/csitss67709.2025.11294023,,0,,Crossref,https://api.crossref.org/works/10.1109/csitss67709.2025.11294023,crossref; author affiliation RVCE; name score 0.67,strong,2026-09-02
RVCE-CSE-037,Vinay Hegde,IoT (Internet of Things) Based Efficiency Monitoring System for Bio-Gas Plants,,2017,proceedings-article,2017 2nd International Conference on Computational Systems and Information Technology for Sustainable Solution (CSITSS),Vadiraja Acharya; Vinay V Hegde; Anjan K.; Manoj Kumar M.,10.1109/csitss.2017.8447567,https://doi.org/10.1109/csitss.2017.8447567,,14,,Crossref,https://api.crossref.org/works/10.1109/csitss.2017.8447567,crossref; author affiliation RVCE; name score 0.67,strong,2026-09-02
RVCE-CSE-037,Vinay Hegde,"Building and Hosting AI Locally with Ollama, Open WebUI, and Stable Diffusion",,2025,proceedings-article,2025 9th International Conference on Computational System and Information Technology for Sustainable Solutions (CSITSS),Amitesh Srinivas; Vinay Hegde; Aditya G S; Avneesh Singh; Fayaz,10.1109/csitss67709.2025.11295791,https://doi.org/10.1109/csitss67709.2025.11295791,,1,,Crossref,https://api.crossref.org/works/10.1109/csitss67709.2025.11295791,crossref; author affiliation RVCE; name score 1.00,strong,2026-09-02
